awais,"
Awais Raza Qadri New Naats, Latest Online & Download Famous ...
hamariweb.com
Â Â â€ºÂ Islam
Â Â â€ºÂ Online Naat Sharif
Awais Raza Qadri Naat Sharif - Ø§ÙˆÛŒØ³ Ø±Ø¶Ø§ Ù‚Ø§Ø¯Ø±ÛŒ â€“ Find new naat collection and listen online mp3 naats shareef of Awais Raza Qadri at Hamariweb. Download audio naat album of Awais Raza Qadri
Awais 901 - YouTube
www.youtube.com/channel/UCB4Rj8nh34H_3Nf4sYC84Pg 
Cached
who is the dizzy penalty king on youtube? | awais901 last football video:https://www.youtube.com/wat..... yo what's up guys its awais901 here in todays video i will be doing another requested video which is a football video but this time it's dizzy penaltiieeesss!
Awais - Video Results
 
48:43

Git Crash Course Using Source Tree
youtube.com
 
14:54

Angular 4 Tutorial - Pipes #8
youtube.com
 
5:13

Modern JavaScript Couse Beginner to Advance With Multiple Projects
youtube.com
 
34:54

Angular 4 Tutorial - (Base Converter) Single Page App #11
youtube.com
More Awais videos
Awais ğŸ‡µğŸ‡° (@awais_king6) | Twitter
twitter.com/awais_king6 
Cached
The latest Tweets from Awais ğŸ‡µğŸ‡° (@awais_king6). #ProudPakistani #ProudMuslim #ProArmy #Pti #ImranKhan #FreePalestine #FreeKashmirğŸ‡µğŸ‡°ğŸ‡µğŸ‡°ğŸ‡µğŸ‡°. Punjab, Pakistan
Awais's Photography - Home
www.awais.com 
Cached
Awais's Photography Portfolio. Design To Showcase Photography The need to capture the moment and freeze it for life.
Awais - Image Results
 
 
 
 
 
More Awais images
Urban Dictionary: awais
www.urbandictionary.com/define.php?term=awais 
Cached
Awais is a Muslim name which means 'gifted'. Get a awais mug for your mate Beatrix.
Awais Mirza - YouTube
www.youtube.com/c/awaismirza1 
Cached
On this channel you will find Tech Videos , AutoDesk software Tutorial, Adobe Tutorial and Programming Tutorial. Mobile Tech and Reviews Videos. https://goo....
Dr. Omar Awais, Thoracic and Cardiac Surgeon in Pittsburgh ...
health.usnews.com/doctors/omar-awais-861936 
Cached
Dr. Omar Awais is a Thoracic and Cardiac Surgeon in Pittsburgh, PA. Find Dr. Awais's phone number, address, insurance information, hospital affiliations and more.
How to pronounce Awais: HowToPronounce.com
www.howtopronounce.com/awais 
Cached
How do you say Awais in English? Pronunciation of Awais found 6 audio voices and 1 Meaning for Awais.
Ahmad Awais - Full Stack WordPress Developer
ahmadawais.com/about 
Cached
Ahmad Awais is a Full Stack WordPress developer - WordPress Core Contributor - Front-end Fanatic - UI/UX Designer and someone who loves to speak!
Awais Gujjar Profiles | Facebook
www.facebook.com/public/Awais-Gujjar 
Cached
View the profiles of people named Awais Gujjar. Join Facebook to connect with Awais Gujjar and others you may know. Facebook gives people the power to..."
abbas,"
Abbas | Define Abbas at Dictionary.com
www.dictionary.com/browse/abbas 
Cached
Abbas definition, a female day name for Thursday. See more.
â€˜Abbas has decided to sign peace deal with Israelâ€™ - Arab ...
www.jpost.com/Arab-Israeli-Conflict/Abbas-has... 
Cached
Palestinian Authority President Mahmoud Abbas has crossed the Rubicon and voiced â€œunprecedentedâ€ readiness to reach a peace deal with Israel, sources close to the efforts to renew talks between Israel and the Palestinians have told The Jerusalem Post. Abbas, according to the sources, made this ...
Abbas - Image Results
 
 
 
 
 
More Abbas images
Abbas - Wikipedia
en.wikipedia.org/wiki/Abbas 
Cached
Places. Abbas is Medieval Latin for "abbot", and is an element in a number of place names in England. Abbas is a common Islamic name, and is an element in a number of place names in the Islamic Republic of Iran.
Mahmoud Abbas - Wikipedia
en.wikipedia.org/wiki/Mahmoud_Abbas 
Cached
Mahmoud Abbas (Arabic: Ù…ÙØ­Ù’Ù…ÙÙˆØ¯ Ø¹ÙØ¨ÙÙ‘Ø§Ø³ â€, Maá¸¥mÅ«d Ê¿AbbÄs; born 15 November 1935), also known by the kunya Abu Mazen (Arabic: Ø£ÙØ¨ÙÙˆ Ù…ÙØ§Ø²ÙÙ† â€, 'AbÅ« MÄzin), is the President of the State of Palestine and Palestinian National Authority.
Abbas (@abbas23) | Twitter
twitter.com/abbas23 
Cached
The latest Tweets from Abbas (@abbas23). Liverpool Supporter - love betting, football, and horse racing. Bahrain
Abbas - Video Results
 
2:08

ğŸ‡µğŸ‡¸ Abbas calls for international peace conference at UNSC
youtube.com
 
1:15

Abbas slams Trump peace plan as "slap of the century"
youtube.com
 
5:24

Abbas Bagirov - Sev Meni (Official Music Video)
youtube.com
 
2:19

Abbas slams Trump on Jerusalem, calls for peace conference
in.reuters.com
More Abbas videos
Abbas - YouTube
www.youtube.com/channel/UCjsz11ecMhhpNtCB2UOZzLg 
Cached
Great nasheeds, duas, and others in arabic, urdu and english by famous reciters such as: Ahmed Al Fatlawi-Al Najafi Basim Karbalaei Sami Yusuf Ahmed Bukhatir...
Mahmoud Abbas | Biography & Facts | Britannica.com
www.britannica.com/biography/Mahmoud-Abbas 
Cached
Mahmoud Abbas: Mahmoud Abbas, president of the Palestinian Authority since 2005.
Abbas â€¢ Photographer Profile â€¢ Magnum Photos
www.magnumphotos.com/photographer/abbas 
Cached
Abbas is an Iranian transplanted to Paris. He has dedicated himself to documenting the political and social life of societies in conflict.
Abbas
www.abbas.site 
Cached
ÙØ§Ø±Ø³ÛŒ. Abbas and the Revolution; The Photographer; Before the Revolution; The Shah and his Men; The Revolution; Khomeini and his Disciples; Three Women
Abbas - definition of Abbas by The Free Dictionary
www.thefreedictionary.com/Abbas 
Cached
KARACHI -- Missing social media activist and the head of Civil Progressive Alliance Pakistan (CPAP) Samar Abbas returned home on late Tuesday night."
